Workbook

Sheet Summary
A1: All-hex CHT mesher: validation results
A2: Seven cold plates (4 pin-fin arrays, 3 TPMS lattices), final meshes. Every achieved value is a formula on the sheets behind it.
A4: Result | B4: Acceptance limit | C4: Lowest of 7 plates | D4: Highest of 7 plates | E4: Verdict | F4: Sheet
A5: checkMesh verdict, all 14 regions | B5: Mesh OK in every region | C5: =COUNTIF('Mesh quality'!N5:N11,"Mesh OK")+COUNTIF('Mesh quality'!O5:O11,"Mesh OK") -> 14 | E5: =IF(C5=14,"Pass","Fail") -> Pass | F5: Mesh quality
A6: Inverted cells | B6: =#REF! -> #REF! | C6: =MIN('Mesh quality'!M5:M11) -> 0 | D6: =MAX('Mesh quality'!M5:M11) -> 0 | E6: =IF(D6=#REF!,"Pass","Fail") -> #REF! | F6: Mesh quality
A7: Max non-orthogonality, fluid (°) | B7: =#REF! -> #REF! | C7: =MIN('Mesh quality'!B5:B11) -> 49.9 | D7: =MAX('Mesh quality'!B5:B11) -> 69.5 | E7: =IF(D7<=B7,"Pass","Fail") -> #REF! | F7: Mesh quality
A8: Max non-orthogonality, solid (°) | B8: =#REF! -> #REF! | C8: =MIN('Mesh quality'!H5:H11) -> 18.9 | D8: =MAX('Mesh quality'!H5:H11) -> 29.3 | E8: =IF(D8<=B8,"Pass","Fail") -> #REF! | F8: Mesh quality
A9: Max skewness, fluid | B9: =#REF! -> #REF! | C9: =MIN('Mesh quality'!D5:D11) -> 3.44 | D9: =MAX('Mesh quality'!D5:D11) -> 3.56 | E9: =IF(D9<=B9,"Pass","Fail") -> #REF! | F9: Mesh quality
A10: Max aspect ratio, fluid | B10: =#REF! -> #REF! | C10: =MIN('Mesh quality'!E5:E11) -> 39.3 | D10: =MAX('Mesh quality'!E5:E11) -> 102.9 | E10: =IF(D10<=B10,"Pass","Fail") -> #REF! | F10: Mesh quality
A11: Min scaled Jacobian, fluid (must exceed) | B11: =#REF! -> #REF! | C11: =MIN('Mesh quality'!F5:F11) -> 0.05 | D11: =MAX('Mesh quality'!F5:F11) -> 0.075 | E11: =IF(C11>B11,"Pass","Fail") -> #REF! | F11: Mesh quality
A12: Min scaled Jacobian, solid (must exceed) | B12: =#REF! -> #REF! | C12: =MIN('Mesh quality'!L5:L11) -> 0.2003 | D12: =MAX('Mesh quality'!L5:L11) -> 0.443 | E12: =IF(C12>B12,"Pass","Fail") -> #REF! | F12: Mesh quality
A13: Mean first-cell y+ (below) | B13: =#REF! -> #REF! | C13: =MIN('Wall resolution'!L5:L11) -> 0.4 | D13: =MAX('Wall resolution'!L5:L11) -> 0.6 | E13: =IF(D13<B13,"Pass","Fail") -> #REF! | F13: Wall resolution
A14: Wall-layer coverage (at least) | B14: =#REF! -> #REF! | C14: =MIN('Wall resolution'!K5:K11) -> 0.99835 | D14: =MAX('Wall resolution'!K5:K11) -> 1 | E14: =IF(C14>=B14,"Pass","Fail") -> #REF! | F14: Wall resolution
A15: Growth ratio between layers (guideline) | B15: =#REF! -> #REF! | C15: =MIN('Wall resolution'!C5:C11) -> 1.3 | D15: =MAX('Wall resolution'!C5:C11) -> 1.3 | E15: =IF(D15<=B15,"Within","Above guideline") -> #REF! | F15: Wall resolution
A16: Mean fluid wall deviation (x atom size) | B16: =#REF! -> #REF! | C16: =MIN(Geometry!M5:M11) -> 0.042666667 | D16: =MAX(Geometry!M5:M11) -> 0.196 | E16: =IF(D16<=B16,"Pass","Fail") -> #REF! | F16: Geometry
A17: Max fluid wall deviation (x atom size) | B17: =#REF! -> #REF! | C17: =MIN(Geometry!N5:N11) -> 0.50366667 | D17: =MAX(Geometry!N5:N11) -> 0.801 | E17: =IF(D17<=B17,"Pass","Fail") -> #REF! | F17: Geometry
A18: Mean solid outer-wall deviation (µm) | B18: - | C18: =MIN(Geometry!E5:E11) -> 1.6 | D18: =MAX(Geometry!E5:E11) -> 2.2 | E18: ="-" -> - | F18: Geometry
A19: Fluid volume deviation (absolute) | B19: =#REF! -> #REF! | D19: =MAX(MAX(Geometry!G5:G11),-MIN(Geometry!G5:G11)) -> 0.002 | E19: =IF(D19<=B19,"Pass","Fail") -> #REF! | F19: Geometry
A20: Solid volume deviation (absolute) | B20: =#REF! -> #REF! | D20: =MAX(MAX(Geometry!H5:H11),-MIN(Geometry!H5:H11)) -> 0.0032 | E20: =IF(D20<=B20,"Pass","Fail") -> #REF! | F20: Geometry
A21: Interface area difference, fluid vs solid (absolute) | B21: =#REF! -> #REF! | D21: =MAX(MAX(Geometry!K5:K11),-MIN(Geometry!K5:K11)) -> 0.00055231251 | E21: =IF(D21<=B21,"Pass","Fail") -> #REF! | F21: Geometry
A22: Identical fluid/solid interface faces | B22: - | C22: =MIN(Geometry!L5:L11) -> 0.9903 | D22: =MAX(Geometry!L5:L11) -> 1 | E22: ="-" -> - | F22: Geometry
A23: Heater power reaching the water | B23: ="within "&TEXT(#REF!,"0%")&" of 2000 W" -> #REF! | C23: =MIN(Energy!I5:I11) -> 0.99990879 | D23: =MAX(Energy!I5:I11) -> 1.0012379 | E23: =IF(AND(C23>=1-#REF!,D23<=1+#REF!),"Pass","Fail") -> #REF! | F23: Energy
A24: Interface heat error (absolute) | B24: =#REF! -> #REF! | D24: =MAX(MAX(Energy!H5:H11),-MIN(Energy!H5:H11)) -> 0.001280457 | E24: =IF(D24<=B24,"Pass","Fail") -> #REF! | F24: Energy
A25: Total cells per plate, without wall layers | B25: - | C25: =MIN('Mesh size'!F5:F11) -> 3870064 | D25: =MAX('Mesh size'!F5:F11) -> 10298975 | E25: ="-" -> - | F25: Mesh size
A26: Total nodes per plate, without wall layers | B26: - | C26: =MIN('Mesh size'!G5:G11) -> 4498996 | D26: =MAX('Mesh size'!G5:G11) -> 12332168 | E26: ="-" -> - | F26: Mesh size
A27: Total cells per plate, with wall layers | B27: - | C27: =MIN('Mesh size'!L5:L11) -> 6144592 | D27: =MAX('Mesh size'!L5:L11) -> 18545147 | E27: ="-" -> - | F27: Mesh size
A28: Total nodes per plate, with wall layers | B28: - | C28: =MIN('Mesh size'!M5:M11) -> 6771666 | D28: =MAX('Mesh size'!M5:M11) -> 20579348 | E28: ="-" -> - | F28: Mesh size
A29: Meshing time per plate (min) | B29: - | C29: =MIN('Meshing time'!L5:L11) -> 6.1605 | D29: =MAX('Meshing time'!L5:L11) -> 110.9275 | E29: ="-" -> - | F29: Meshing time
A30: Heater Tmax (K) | B30: - | C30: =MIN(Results!E5:E11) -> 307.55257 | D30: =MAX(Results!E5:E11) -> 320.47801 | E30: ="-" -> - | F30: Results
A31: Pressure drop (kPa) | B31: - | C31: =MIN(Results!J5:J11) -> 4.9801743 | D31: =MAX(Results!J5:J11) -> 45.113003 | E31: ="-" -> - | F31: Results
A33: Comparison with SimScale (parallel pin-fin, whole bottom face heated)
A34: Outlet water temperature, ours - SimScale (K) | D34: =SimScale!E6 -> -0.09 | F34: SimScale
A35: Heater maximum temperature, ours - SimScale (K) | D35: =SimScale!E8 -> -1.27 | F35: SimScale
A36: Heater average temperature, ours - SimScale (K) | D36: =SimScale!E9 -> -2.88 | F36: SimScale
A37: Pressure drop, ours - SimScale (kPa) | D37: =SimScale!E11 -> 0.66 | F37: SimScale
A39: Notes
A40: Blue text = input from a mesher log, OpenFOAM postProcessing or the SimScale export. Black = formula. Limits are on the Limits sheet.
A41: Mesh independence and a wall-layer transition test (6 layers, core cell / last layer about 2.3) are pending.
A42: Lidinoid and Neovius results: see the note on the Results sheet.

Sheet Setup
A1: Test cases and simulation setup
A2: CAD volumes from the STL files; wetted area = fluid-side interface area of the mesh.
A4: Plate | B4: Family | C4: Atom size (mm) | D4: Fluid volume, CAD (mm³) | E4: Solid volume, CAD (mm³) | F4: Wetted area (mm²) | G4: Ports | H4: Heater
A5: Chevron | B5: Pin-fin | C5: 0.3 | D5: 73679.5 | E5: 33530.3 | F5: 39214.25 | G5: 2 x d = 10.4 mm, top face, x = 7 / 193 mm | H5: 2000 W uniform, 140 x 70 mm of the bottom face
A6: Cylinder | B6: Pin-fin | C6: 0.3 | D6: 64518.7 | E6: 42671.4 | F6: 44226.26 | G6: 2 x d = 10.4 mm, top face, x = 7 / 193 mm | H6: 2000 W uniform, 140 x 70 mm of the bottom face
A7: Parallel | B7: Pin-fin | C7: 0.3 | D7: 59069.5 | E7: 48140.3 | F7: 48344.85 | G7: 2 x d = 10.4 mm, top face, x = 7 / 193 mm | H7: 2000 W uniform, 140 x 70 mm of the bottom face
A8: Square | B8: Pin-fin | C8: 0.3 | D8: 67403.5 | E8: 39806.3 | F8: 39085.33 | G8: 2 x d = 10.4 mm, top face, x = 7 / 193 mm | H8: 2000 W uniform, 140 x 70 mm of the bottom face
A9: Gyroid | B9: TPMS | C9: 0.2 | D9: 50046.6 | E9: 32329.3 | F9: 44605.88 | G9: 2 x d = 12 mm, top face, x = ±92.5 mm | H9: 2000 W uniform, 140 x 70 mm of the bottom face
A10: Lidinoid | B10: TPMS | C10: 0.2 | D10: 47395 | E10: 34958.2 | F10: 59045.13 | G10: 2 x d = 12 mm, top face, x = ±92.5 mm | H10: 2000 W uniform, 140 x 70 mm of the bottom face
A11: Neovius | B11: TPMS | C11: 0.2 | D11: 49714.4 | E11: 32659.3 | F11: 45597.99 | G11: 2 x d = 12 mm, top face, x = ±92.5 mm | H11: 2000 W uniform, 140 x 70 mm of the bottom face
A14: Operating point and properties
A15: Parameter | B15: Value | C15: Unit | G15: Note
A16: Inlet temperature T_in | B16: 293 | C16: K | G16: 19.85 °C
A17: Heater power Q | B17: 2000 | C17: W
A18: Flow rate | B18: 10 | C18: L/min
A19: Density ρ0 (water, 25 °C) | B19: 997.3 | C19: kg/m³ | G19: Boussinesq reference density
A20: Thermal expansion β | B20: 0.000207 | C20: 1/K
A21: Boussinesq reference T0 | B21: 298.1 | C21: K
A22: Specific heat cp | B22: 4180 | C22: J/(kg K)
A23: Kinematic viscosity ν | B23: 9.338e-07 | C23: m²/s
A24: Prandtl number | B24: 6.524 | C24: -
A25: Copper conductivity κ | B25: 401 | C25: W/(m K)
A26: Density at the inlet ρ(T_in) | B26: =B19*(1-B20*(B16-B21)) -> 998.35285 | C26: kg/m³ | G26: Formula
A27: Mass flow ṁ | B27: 0.16639218 | C27: kg/s | G27: OpenFOAM inlet (10 L/min at ρ(T_in))
A28: Kelvin offset | B28: 273.15 | C28: K
A30: Solver
A31: chtMultiRegionSimpleFoam, OpenFOAM v2312, 96 MPI processes; k-omega SST, wall treatment valid at any y+
A32: Second-order (linearUpwind) convection for velocity and energy; mappedWall interface with turbulentTemperatureCoupledBaffleMixed
A33: 4000 coupled iterations (flow and heat), then 1000 energy-only iterations with the flow frozen, energy solved to 1e-10
A34: Outlet p = 1e5 Pa; inlet turbulence intensity 5 %; no-slip walls; solid outer walls adiabatic; Boussinesq buoyancy

Sheet Mesh size
A1: Mesh size: cells, nodes and faces
A2: All cells hexahedral. Inputs from the mesher logs; totals are formulas.
B3: Without wall layers (snapped atom grid) | H3: With wall layers (used in all simulations) | N3: Details
A4: Plate | B4: Fluid cells | C4: Fluid nodes | D4: Solid cells | E4: Solid nodes | F4: Total cells | G4: Total nodes | H4: Fluid cells | I4: Fluid nodes | J4: Solid cells | K4: Solid nodes | L4: Total cells | M4: Total nodes | N4: Wall layers | O4: Layer cells added | P4: Fluid wall nodes (snapped) | Q4: Solid wall nodes (snapped) | R4: Fluid internal faces | S4: Fluid boundary faces | T4: Solid internal faces | U4: Solid boundary faces | V4: Total faces (with layers) | W4: Layer-cell share of fluid
A5: Chevron | B5: 2731992 | C5: 2973117 | D5: =J5 -> 1138820 | E5: =K5 -> 1546657 | F5: =B5+D5 -> 3870812 | G5: =C5+E5 -> 4519774 | H5: 5109342 | I5: =C5+N5*P5 -> 5349677 | J5: 1138820 | K5: 1546657 | L5: =H5+J5 -> 6248162 | M5: =I5+K5 -> 6896334 | N5: 5 | O5: 2377350 | P5: 475312 | Q5: 820350 | R5: 15090291 | S5: 475470 | T5: 3006205 | U5: 820510 | V5: =R5+S5+T5+U5 -> 19392476 | W5: =O5/H5 -> 0.46529475
A6: Cylinder | B6: 2382648 | C6: 2655536 | D6: =J6 -> 1487416 | E6: =K6 -> 1932804 | F6: =B6+D6 -> 3870064 | G6: =C6+E6 -> 4588340 | H6: 5109598 | I6: =C6+N6*P6 -> 5378926 | J6: 1487416 | K6: 1932804 | L6: =H6+J6 -> 6597014 | M6: =I6+K6 -> 7311730 | N6: 5 | O6: 2726950 | P6: 544678 | Q6: 889612 | R6: 15056099 | S6: 545390 | T6: 4017085 | U6: 890326 | V6: =R6+S6+T6+U6 -> 20508900 | W6: =O6/H6 -> 0.53369169
A7: Parallel | B7: 2191512 | C7: 2473296 | D7: =J7 -> 1679300 | E7: =K7 -> 2119260 | F7: =B7+D7 -> 3870812 | G7: =C7+E7 -> 4592556 | H7: 4932222 | I7: =C7+N7*P7 -> 5213766 | J7: 1679300 | K7: 2119260 | L7: =H7+J7 -> 6611522 | M7: =I7+K7 -> 7333026 | N7: 5 | O7: 2740710 | P7: 548094 | Q7: 893132 | R7: 14522595 | S7: 548142 | T7: 4591309 | U7: 893182 | V7: =R7+S7+T7+U7 -> 20555228 | W7: =O7/H7 -> 0.5556745
A8: Square | B8: 2497252 | C8: 2727417 | D8: =J8 -> 1373560 | E8: =K8 -> 1771579 | F8: =B8+D8 -> 3870812 | G8: =C8+E8 -> 4498996 | H8: 4771032 | I8: =C8+N8*P8 -> 5000087 | J8: 1373560 | K8: 1771579 | L8: =H8+J8 -> 6144592 | M8: =I8+K8 -> 6771666 | N8: 5 | O8: 2273780 | P8: 454534 | Q8: 799572 | R8: 14085718 | S8: 454756 | T8: 3720782 | U8: 799796 | V8: =R8+S8+T8+U8 -> 19061052 | W8: =O8/H8 -> 0.47658033
A9: Gyroid | B9: 6253639 | C9: 6878356 | D9: =J9 -> 4044824 | E9: =K9 -> 5035212 | F9: =B9+D9 -> 10298463 | G9: =C9+E9 -> 11913568 | H9: 12399179 | I9: =C9+N9*P9 -> 13022966 | J9: 4044824 | K9: 5035212 | L9: =H9+J9 -> 16444003 | M9: =I9+K9 -> 18058178 | N9: 5 | O9: 6145540 | P9: 1228922 | Q9: 1997792 | R9: 36582983 | S9: 1229108 | T9: 11135482 | U9: 1997980 | V9: =R9+S9+T9+U9 -> 50945553 | W9: =O9/H9 -> 0.49564088
A10: Lidinoid | B10: 5920733 | C10: 6764545 | D10: =J10 -> 4375584 | E10: =K10 -> 5567623 | F10: =B10+D10 -> 10296317 | G10: =C10+E10 -> 12332168 | H10: 14169563 | I10: =C10+N10*P10 -> 15011725 | J10: 4375584 | K10: 5567623 | L10: =H10+J10 -> 18545147 | M10: =I10+K10 -> 20579348 | N10: 5 | O10: 8253110 | P10: 1649436 | Q10: 2418834 | R10: 41676538 | S10: 1650622 | T10: 11916741 | U10: 2420022 | V10: =R10+S10+T10+U10 -> 57663923 | W10: =O10/H10 -> 0.58245339
A11: Neovius | B11: 6213315 | C11: 6843508 | D11: =J11 -> 4085660 | E11: =K11 -> 5079404 | F11: =B11+D11 -> 10298975 | G11: =C11+E11 -> 11922912 | H11: 12403535 | I11: =C11+N11*P11 -> 13032438 | J11: 4085660 | K11: 5079404 | L11: =H11+J11 -> 16489195 | M11: =I11+K11 -> 18111842 | N11: 5 | O11: 6190220 | P11: 1237786 | Q11: 2006592 | R11: 36591583 | S11: 1238044 | T11: 11253554 | U11: 2006852 | V11: =R11+S11+T11+U11 -> 51090033 | W11: =O11/H11 -> 0.49906902
A13: Notes
A14: Wall layers are built only in the fluid, so the solid is the same with and without layers.
A15: Fluid nodes with layers = atom-grid nodes + wall layers x fluid wall nodes (each layer adds one node per wall node). Lidinoid: layers are left out on 0.165 % of the wall, so its layered node count is an upper bound.
A16: Layer cells added = wall layers x fluid wall faces. Wall nodes (snapped) = boundary nodes moved onto the CAD by the graph neural network.
A17: The solid's interface nodes take the fluid's final positions; its other wall nodes are placed on the CAD.

Sheet Meshing time
A1: Meshing time per step
A2: Seconds per step on one cluster GPU node (4 CPU cores, 1 GPU, 64 GB). Totals are formulas.
A4: Plate | B4: Fluid: atoms (s) | C4: Fluid: GNN snapping (s) | D4: Fluid: wall layers (s) | E4: Fluid: export (s) | F4: Solid: atoms (s) | G4: Solid: GNN snapping (s) | H4: Solid: export (s) | I4: Fluid total (s) | J4: Solid total (s) | K4: Total (s) | L4: Total (min) | M4: GNN snapping, both bodies (s)
A5: Chevron | B5: 16.88 | C5: 14.19 | D5: 213.3 | E5: 143.55 | F5: 14.9 | G5: 19.98 | H5: 68.69 | I5: =SUM(B5:E5) -> 387.92 | J5: =SUM(F5:H5) -> 103.57 | K5: =I5+J5 -> 491.49 | L5: =K5/60 -> 8.1915 | M5: =C5+G5 -> 34.17
A6: Cylinder | B6: 15.61 | C6: 13.64 | D6: 328.1 | E6: 128.85 | F6: 18.39 | G6: 20.85 | H6: 82.09 | I6: =SUM(B6:E6) -> 486.2 | J6: =SUM(F6:H6) -> 121.33 | K6: =I6+J6 -> 607.53 | L6: =K6/60 -> 10.1255 | M6: =C6+G6 -> 34.49
A7: Parallel | B7: 13.74 | C7: 15.21 | D7: 99.1 | E7: 125.15 | F7: 17.11 | G7: 23.24 | H7: 76.08 | I7: =SUM(B7:E7) -> 253.2 | J7: =SUM(F7:H7) -> 116.43 | K7: =I7+J7 -> 369.63 | L7: =K7/60 -> 6.1605 | M7: =C7+G7 -> 38.45
A8: Square | B8: 15.95 | C8: 14.02 | D8: 118.8 | E8: 132.52 | F8: 15.13 | G8: 16.83 | H8: 68.4 | I8: =SUM(B8:E8) -> 281.29 | J8: =SUM(F8:H8) -> 100.36 | K8: =I8+J8 -> 381.65 | L8: =K8/60 -> 6.3608333 | M8: =C8+G8 -> 30.85
A9: Gyroid | B9: 101.3 | C9: 26.23 | D9: 763.2 | E9: 491.25 | F9: 157.19 | G9: 32.95 | H9: 412.1 | I9: =SUM(B9:E9) -> 1381.98 | J9: =SUM(F9:H9) -> 602.24 | K9: =I9+J9 -> 1984.22 | L9: =K9/60 -> 33.070333 | M9: =C9+G9 -> 59.18
A10: Lidinoid | B10: 147.19 | C10: 28.12 | D10: 4871.9 | E10: 730.53 | F10: 217.94 | G10: 41.99 | H10: 617.98 | I10: =SUM(B10:E10) -> 5777.74 | J10: =SUM(F10:H10) -> 877.91 | K10: =I10+J10 -> 6655.65 | L10: =K10/60 -> 110.9275 | M10: =C10+G10 -> 70.11
A11: Neovius | B11: 101.9 | C11: 26.44 | D11: 778.1 | E11: 505.3 | F11: 159.65 | G11: 29.48 | H11: 423.68 | I11: =SUM(B11:E11) -> 1411.74 | J11: =SUM(F11:H11) -> 612.81 | K11: =I11+J11 -> 2024.55 | L11: =K11/60 -> 33.7425 | M11: =C11+G11 -> 55.92
A13: Notes
A14: Times are the 'Completed in' values of each step. Fluid export includes writing an optional Fluent mesh file.
A15: Parallel solid export: 76.1 s measured with interface matching but without the outer-wall placement (about 7-14 s on the other pin-fin plates).
A16: The Lidinoid wall-layer step needs many rounds of the layer-quality guard on its strongly curved walls.

Sheet Mesh quality
A1: Mesh quality (OpenFOAM checkMesh)
A2: Limits on the Limits sheet. Pass = every fluid and solid value within its limit.
A4: Plate | B4: Fluid max non-orthogonality (°) | C4: Fluid avg non-orthogonality (°) | D4: Fluid max skewness | E4: Fluid max aspect ratio | F4: Fluid min scaled Jacobian | G4: Fluid cells with J < 0.1 | H4: Solid max non-orthogonality (°) | I4: Solid avg non-orthogonality (°) | J4: Solid max skewness | K4: Solid max aspect ratio | L4: Solid min scaled Jacobian | M4: Inverted cells | N4: checkMesh fluid | O4: checkMesh solid | P4: Pass
A5: Chevron | B5: 53.8 | C5: 7.2 | D5: 3.51 | E5: 47.3 | F5: 0.075 | G5: 83 | H5: 29.1 | J5: 1.37 | K5: 2.6 | L5: 0.238 | M5: 0 | N5: Mesh OK | O5: Mesh OK | P5: =IF(AND(B5<=#REF!,H5<=#REF!,D5<=#REF!,J5<=#REF!,E5<=#REF!,K5<=#REF!,F5>#REF!,L5>#REF!,M5=#REF!,N5="Mesh OK",O5="Mesh OK"),"Pass","Fail") -> #REF!
A6: Cylinder | B6: 57.2 | C6: 8.1 | D6: 3.44 | E6: 44.7 | F6: 0.06 | G6: 22 | H6: 28.9 | J6: 1.56 | K6: 2.63 | L6: 0.203 | M6: 0 | N6: Mesh OK | O6: Mesh OK | P6: =IF(AND(B6<=#REF!,H6<=#REF!,D6<=#REF!,J6<=#REF!,E6<=#REF!,K6<=#REF!,F6>#REF!,L6>#REF!,M6=#REF!,N6="Mesh OK",O6="Mesh OK"),"Pass","Fail") -> #REF!
A7: Parallel | B7: 50.7 | C7: 4.9 | D7: 3.53 | E7: 39.3 | F7: 0.06 | G7: 34 | H7: 29.3 | J7: 1.22 | K7: 2.49 | L7: 0.443 | M7: 0 | N7: Mesh OK | O7: Mesh OK | P7: =IF(AND(B7<=#REF!,H7<=#REF!,D7<=#REF!,J7<=#REF!,E7<=#REF!,K7<=#REF!,F7>#REF!,L7>#REF!,M7=#REF!,N7="Mesh OK",O7="Mesh OK"),"Pass","Fail") -> #REF!
A8: Square | B8: 49.9 | C8: 5.3 | D8: 3.56 | E8: 47.9 | F8: 0.07 | G8: 91 | H8: 29.1 | J8: 1.35 | K8: 2.55 | L8: 0.308 | M8: 0 | N8: Mesh OK | O8: Mesh OK | P8: =IF(AND(B8<=#REF!,H8<=#REF!,D8<=#REF!,J8<=#REF!,E8<=#REF!,K8<=#REF!,F8>#REF!,L8>#REF!,M8=#REF!,N8="Mesh OK",O8="Mesh OK"),"Pass","Fail") -> #REF!
A9: Gyroid | B9: 67 | C9: 11.2 | D9: 3.56 | E9: 73.6 | F9: 0.05 | G9: 15629 | H9: 18.9 | I9: 1.7 | J9: 0.79 | K9: 2.25 | L9: 0.2003 | M9: 0 | N9: Mesh OK | O9: Mesh OK | P9: =IF(AND(B9<=#REF!,H9<=#REF!,D9<=#REF!,J9<=#REF!,E9<=#REF!,K9<=#REF!,F9>#REF!,L9>#REF!,M9=#REF!,N9="Mesh OK",O9="Mesh OK"),"Pass","Fail") -> #REF!
A10: Lidinoid | B10: 69.5 | C10: 13.9 | D10: 3.56 | E10: 102.9 | F10: 0.05 | G10: 40762 | H10: 20.4 | I10: 2 | J10: 0.78 | K10: 2.29 | L10: 0.2026 | M10: 0 | N10: Mesh OK | O10: Mesh OK | P10: =IF(AND(B10<=#REF!,H10<=#REF!,D10<=#REF!,J10<=#REF!,E10<=#REF!,K10<=#REF!,F10>#REF!,L10>#REF!,M10=#REF!,N10="Mesh OK",O10="Mesh OK"),"Pass","Fail") -> #REF!
A11: Neovius | B11: 69.4 | C11: 10.4 | D11: 3.56 | E11: 78.5 | F11: 0.05 | G11: 17719 | H11: 22.3 | I11: 1.6 | J11: 0.81 | K11: 2.22 | L11: 0.2053 | M11: 0 | N11: Mesh OK | O11: Mesh OK | P11: =IF(AND(B11<=#REF!,H11<=#REF!,D11<=#REF!,J11<=#REF!,E11<=#REF!,K11<=#REF!,F11>#REF!,L11>#REF!,M11=#REF!,N11="Mesh OK",O11="Mesh OK"),"Pass","Fail") -> #REF!
A13: Notes
A14: Worst fluid values are in the thin first wall-layer cells (13.3 um high in a 300 um atom on the pin-fin plates, 8.8 um in a 200 um atom on the TPMS plates).
A15: Skewness 3.44-3.56 is in the 2-4 band that most solvers handle without special treatment. TPMS cases use 2 non-orthogonal correctors, pin-fin cases 1.
A16: TPMS solid checkMesh values were taken before the solid outer walls were placed on the CAD (mean node move 24 um); the solid min scaled Jacobian is from the final export check.
A17: Pin-fin solid average non-orthogonality was not recorded.

Sheet Geometry
A1: Geometric accuracy and interface match
A2: Distance of mesh wall nodes from the STL, mesh volume against CAD volume, and fluid- vs solid-side interface area.
A4: Plate | B4: Atom size (mm) | C4: Fluid wall deviation mean (µm) | D4: Fluid wall deviation max (µm) | E4: Solid outer walls deviation mean (µm) | F4: Solid outer walls deviation max (µm) | G4: Fluid volume deviation | H4: Solid volume deviation | I4: Interface area, fluid side (mm²) | J4: Interface area, solid side (mm²) | K4: Interface area difference | L4: Identical interface faces | M4: Fluid mean deviation / atom | N4: Fluid max deviation / atom | O4: Pass
A5: Chevron | B5: =Setup!C5 -> 0.3 | C5: 18.6 | D5: 151.1 | E5: 1.7 | G5: -0.0006 | H5: 0.0016 | I5: 39214.25 | J5: 39213.97 | K5: =(I5-J5)/J5 -> 7.1403125e-06 | L5: 1 | M5: =C5/(B5*1000) -> 0.062 | N5: =D5/(B5*1000) -> 0.50366667 | O5: =IF(AND(M5<=#REF!,N5<=#REF!,ABS(G5)<=#REF!,ABS(H5)<=#REF!,ABS(K5)<=#REF!,IF(F5="",TRUE(),F5/(B5*1000)<=#REF!)),"Pass","Fail") -> #REF!
A6: Cylinder | B6: =Setup!C6 -> 0.3 | C6: 20.2 | D6: 178.7 | E6: 1.7 | G6: -0.002 | H6: 0.0032 | I6: 44226.26 | J6: 44225.94 | K6: =(I6-J6)/J6 -> 7.2355726e-06 | L6: 1 | M6: =C6/(B6*1000) -> 0.067333333 | N6: =D6/(B6*1000) -> 0.59566667 | O6: =IF(AND(M6<=#REF!,N6<=#REF!,ABS(G6)<=#REF!,ABS(H6)<=#REF!,ABS(K6)<=#REF!,IF(F6="",TRUE(),F6/(B6*1000)<=#REF!)),"Pass","Fail") -> #REF!
A7: Parallel | B7: =Setup!C7 -> 0.3 | C7: 19.8 | D7: 175.7 | E7: 2.2 | G7: -0.0009 | H7: 0.0014 | I7: 48344.85 | J7: 48343.27 | K7: =(I7-J7)/J7 -> 3.2682936e-05 | L7: 1 | M7: =C7/(B7*1000) -> 0.066 | N7: =D7/(B7*1000) -> 0.58566667 | O7: =IF(AND(M7<=#REF!,N7<=#REF!,ABS(G7)<=#REF!,ABS(H7)<=#REF!,ABS(K7)<=#REF!,IF(F7="",TRUE(),F7/(B7*1000)<=#REF!)),"Pass","Fail") -> #REF!
A8: Square | B8: =Setup!C8 -> 0.3 | C8: 12.8 | D8: 154.2 | E8: 1.8 | G8: 0.0002 | H8: -4e-05 | I8: 39085.33 | J8: 39085.04 | K8: =(I8-J8)/J8 -> 7.4197186e-06 | L8: 1 | M8: =C8/(B8*1000) -> 0.042666667 | N8: =D8/(B8*1000) -> 0.514 | O8: =IF(AND(M8<=#REF!,N8<=#REF!,ABS(G8)<=#REF!,ABS(H8)<=#REF!,ABS(K8)<=#REF!,IF(F8="",TRUE(),F8/(B8*1000)<=#REF!)),"Pass","Fail") -> #REF!
A9: Gyroid | B9: =Setup!C9 -> 0.2 | C9: 35.7 | D9: 146.3 | E9: 1.6 | F9: 183.2 | G9: 0.0004 | H9: -0.0004 | I9: 44605.88 | J9: 44630.53 | K9: =(I9-J9)/J9 -> -0.00055231251 | L9: 0.9934 | M9: =C9/(B9*1000) -> 0.1785 | N9: =D9/(B9*1000) -> 0.7315 | O9: =IF(AND(M9<=#REF!,N9<=#REF!,ABS(G9)<=#REF!,ABS(H9)<=#REF!,ABS(K9)<=#REF!,IF(F9="",TRUE(),F9/(B9*1000)<=#REF!)),"Pass","Fail") -> #REF!
A10: Lidinoid | B10: =Setup!C10 -> 0.2 | C10: 39.2 | D10: 160.2 | E10: 1.7 | F10: 183.1 | G10: 0.0012 | H10: -0.0012 | I10: 59045.13 | J10: 59073.55 | K10: =(I10-J10)/J10 -> -0.00048109518 | L10: 0.9903 | M10: =C10/(B10*1000) -> 0.196 | N10: =D10/(B10*1000) -> 0.801 | O10: =IF(AND(M10<=#REF!,N10<=#REF!,ABS(G10)<=#REF!,ABS(H10)<=#REF!,ABS(K10)<=#REF!,IF(F10="",TRUE(),F10/(B10*1000)<=#REF!)),"Pass","Fail") -> #REF!
A11: Neovius | B11: =Setup!C11 -> 0.2 | C11: 33.9 | D11: 148 | E11: 1.7 | F11: 183 | G11: 0.0004 | H11: -0.0003 | I11: 45597.99 | J11: 45591.07 | K11: =(I11-J11)/J11 -> 0.00015178411 | L11: 0.9948 | M11: =C11/(B11*1000) -> 0.1695 | N11: =D11/(B11*1000) -> 0.74 | O11: =IF(AND(M11<=#REF!,N11<=#REF!,ABS(G11)<=#REF!,ABS(H11)<=#REF!,ABS(K11)<=#REF!,IF(F11="",TRUE(),F11/(B11*1000)<=#REF!)),"Pass","Fail") -> #REF!
A13: Notes
A14: Interface area difference = (fluid side - solid side) / solid side. Identical face = all its nodes coincide on both sides of the interface.
A15: The solid's interface nodes take the fluid's positions, so on the interface the solid has the fluid's deviation; 'solid outer walls' are the solid walls not touching the fluid.
A16: TPMS solid outer walls: 99 % of nodes within 35 um; the max of 183 um is at a few nodes where the cell-quality guard limited the move. Pin-fin solid outer-wall max not recorded.
A17: Fluid deviation is set by slightly rounded sharp edges and, on the TPMS plates, by curved 0.4 mm walls that are two atoms thick.

Sheet Wall resolution
A1: Wall layers and y+
A2: Layer heights are formulas from the number of layers, growth ratio and height cap (0.4 x atom size).
A4: Plate | B4: Layers | C4: Growth ratio | D4: Height cap (x atom) | E4: Atom size (µm) | F4: Total layer height (µm) | G4: First layer (µm) | H4: Last layer (µm) | I4: First core cell (µm) | J4: Core cell / last layer | K4: Layer coverage | L4: y+ mean | M4: y+ max | N4: Mean y+ below limit | O4: Coverage above limit | P4: Growth ratio vs guideline
A5: Chevron | B5: 5 | C5: 1.3 | D5: 0.4 | E5: =Setup!C5*1000 -> 300 | F5: =D5*E5 -> 120 | G5: =F5*(C5-1)/(C5^B5-1) -> 13.269786 | H5: =G5*C5^(B5-1) -> 37.899835 | I5: =E5-F5 -> 180 | J5: =I5/H5 -> 4.749361 | K5: 1 | L5: 0.49 | M5: 4.88 | N5: =IF(L5<#REF!,"Pass","Fail") -> #REF! | O5: =IF(K5>=#REF!,"Pass","Fail") -> #REF! | P5: =IF(C5<=#REF!,"Within","Above guideline") -> #REF!
A6: Cylinder | B6: 5 | C6: 1.3 | D6: 0.4 | E6: =Setup!C6*1000 -> 300 | F6: =D6*E6 -> 120 | G6: =F6*(C6-1)/(C6^B6-1) -> 13.269786 | H6: =G6*C6^(B6-1) -> 37.899835 | I6: =E6-F6 -> 180 | J6: =I6/H6 -> 4.749361 | K6: 1 | L6: 0.6 | M6: 5.25 | N6: =IF(L6<#REF!,"Pass","Fail") -> #REF! | O6: =IF(K6>=#REF!,"Pass","Fail") -> #REF! | P6: =IF(C6<=#REF!,"Within","Above guideline") -> #REF!
A7: Parallel | B7: 5 | C7: 1.3 | D7: 0.4 | E7: =Setup!C7*1000 -> 300 | F7: =D7*E7 -> 120 | G7: =F7*(C7-1)/(C7^B7-1) -> 13.269786 | H7: =G7*C7^(B7-1) -> 37.899835 | I7: =E7-F7 -> 180 | J7: =I7/H7 -> 4.749361 | K7: 1 | L7: 0.4 | M7: 4.13 | N7: =IF(L7<#REF!,"Pass","Fail") -> #REF! | O7: =IF(K7>=#REF!,"Pass","Fail") -> #REF! | P7: =IF(C7<=#REF!,"Within","Above guideline") -> #REF!
A8: Square | B8: 5 | C8: 1.3 | D8: 0.4 | E8: =Setup!C8*1000 -> 300 | F8: =D8*E8 -> 120 | G8: =F8*(C8-1)/(C8^B8-1) -> 13.269786 | H8: =G8*C8^(B8-1) -> 37.899835 | I8: =E8-F8 -> 180 | J8: =I8/H8 -> 4.749361 | K8: 1 | L8: 0.58 | M8: 4.73 | N8: =IF(L8<#REF!,"Pass","Fail") -> #REF! | O8: =IF(K8>=#REF!,"Pass","Fail") -> #REF! | P8: =IF(C8<=#REF!,"Within","Above guideline") -> #REF!
A9: Gyroid | B9: 5 | C9: 1.3 | D9: 0.4 | E9: =Setup!C9*1000 -> 200 | F9: =D9*E9 -> 80 | G9: =F9*(C9-1)/(C9^B9-1) -> 8.8465239 | H9: =G9*C9^(B9-1) -> 25.266557 | I9: =E9-F9 -> 120 | J9: =I9/H9 -> 4.749361 | K9: 1 | L9: 0.58 | M9: 4.47 | N9: =IF(L9<#REF!,"Pass","Fail") -> #REF! | O9: =IF(K9>=#REF!,"Pass","Fail") -> #REF! | P9: =IF(C9<=#REF!,"Within","Above guideline") -> #REF!
A10: Lidinoid | B10: 5 | C10: 1.3 | D10: 0.4 | E10: =Setup!C10*1000 -> 200 | F10: =D10*E10 -> 80 | G10: =F10*(C10-1)/(C10^B10-1) -> 8.8465239 | H10: =G10*C10^(B10-1) -> 25.266557 | I10: =E10-F10 -> 120 | J10: =I10/H10 -> 4.749361 | K10: 0.99835 | L10: 0.59 | M10: 30.2 | N10: =IF(L10<#REF!,"Pass","Fail") -> #REF! | O10: =IF(K10>=#REF!,"Pass","Fail") -> #REF! | P10: =IF(C10<=#REF!,"Within","Above guideline") -> #REF!
A11: Neovius | B11: 5 | C11: 1.3 | D11: 0.4 | E11: =Setup!C11*1000 -> 200 | F11: =D11*E11 -> 80 | G11: =F11*(C11-1)/(C11^B11-1) -> 8.8465239 | H11: =G11*C11^(B11-1) -> 25.266557 | I11: =E11-F11 -> 120 | J11: =I11/H11 -> 4.749361 | K11: 1 | L11: 0.57 | M11: 4.55 | N11: =IF(L11<#REF!,"Pass","Fail") -> #REF! | O11: =IF(K11>=#REF!,"Pass","Fail") -> #REF! | P11: =IF(C11<=#REF!,"Within","Above guideline") -> #REF!
A13: Notes
A14: y+ on the fluid side of the interface at the end of the run. The wall treatment is valid at any y+, so the faces with y+ 4-5 are still handled correctly.
A15: Lidinoid max y+ 30.2: most likely on the 0.165 % of its wall without layers, where the first cell is a full atom.
A16: Core cell / last layer about 4.7: a test with a smoother transition (6 layers, cap 0.6 x atom, ratio about 2.3) is pending.

Sheet Results
A1: Thermal-hydraulic results
A2: 10 L/min, 2000 W, inlet 293 K. Final values at the end of the run; band = lowest and highest value over iterations 2500-4000.
A4: Plate | B4: Pressure drop (Pa) | C4: Pressure drop band min (kPa) | D4: Pressure drop band max (kPa) | E4: Heater Tmax (K) | F4: Tmax band min (K) | G4: Tmax band max (K) | H4: Heater Tavg (K) | I4: Outlet bulk T (K) | J4: Pressure drop (kPa) | K4: Heater Tmax (°C) | L4: Heater Tavg (°C) | M4: Outlet bulk T (°C) | N4: Water temperature rise (K) | O4: Thermal resistance, Tmax (mK/W) | P4: Thermal resistance, Tavg (mK/W) | Q4: Pumping power (W) | R4: Pressure drop band width (kPa) | S4: Tmax band width (K)
A5: Chevron | B5: 6034.9966 | C5: 5.8065287 | D5: 6.1049775 | E5: 320.47801 | F5: 319.50557 | G5: 320.81882 | H5: 313.56016 | I5: 295.87543 | J5: =B5/1000 -> 6.0349966 | K5: =E5-Setup!$B$28 -> 47.328012 | L5: =H5-Setup!$B$28 -> 40.410162 | M5: =I5-Setup!$B$28 -> 22.725426 | N5: =I5-Setup!$B$16 -> 2.875426 | O5: =(E5-Setup!$B$16)/Setup!$B$17*1000 -> 13.739006 | P5: =(H5-Setup!$B$16)/Setup!$B$17*1000 -> 10.280081 | Q5: =B5*Setup!$B$27/Setup!$B$26 -> 1.005833 | R5: =IF(C5="","",D5-C5) -> 0.2984488 | S5: =IF(F5="","",G5-F5) -> 1.313253
A6: Cylinder | B6: 7055.9957 | C6: 6.7483237 | D6: 7.4470567 | E6: 311.37965 | F6: 310.95515 | G6: 311.59626 | H6: 305.25206 | I6: 295.87543 | J6: =B6/1000 -> 7.0559957 | K6: =E6-Setup!$B$28 -> 38.229647 | L6: =H6-Setup!$B$28 -> 32.102063 | M6: =I6-Setup!$B$28 -> 22.72543 | N6: =I6-Setup!$B$16 -> 2.87543 | O6: =(E6-Setup!$B$16)/Setup!$B$17*1000 -> 9.1898235 | P6: =(H6-Setup!$B$16)/Setup!$B$17*1000 -> 6.1260315 | Q6: =B6*Setup!$B$27/Setup!$B$26 -> 1.1759995 | R6: =IF(C6="","",D6-C6) -> 0.698733 | S6: =IF(F6="","",G6-F6) -> 0.641119
A7: Parallel | B7: 4980.1743 | C7: 4.7555652 | D7: 4.9985875 | E7: 317.28953 | F7: 317.21456 | G7: 317.42138 | H7: 310.9835 | I7: 295.87534 | J7: =B7/1000 -> 4.9801743 | K7: =E7-Setup!$B$28 -> 44.139527 | L7: =H7-Setup!$B$28 -> 37.833496 | M7: =I7-Setup!$B$28 -> 22.725338 | N7: =I7-Setup!$B$16 -> 2.875338 | O7: =(E7-Setup!$B$16)/Setup!$B$17*1000 -> 12.144764 | P7: =(H7-Setup!$B$16)/Setup!$B$17*1000 -> 8.991748 | Q7: =B7*Setup!$B$27/Setup!$B$26 -> 0.83002922 | R7: =IF(C7="","",D7-C7) -> 0.2430223 | S7: =IF(F7="","",G7-F7) -> 0.206815
A8: Square | B8: 8013.7923 | C8: 7.71168 | D8: 8.0555434 | E8: 312.69831 | F8: 312.23227 | G8: 312.90303 | H8: 307.37116 | I8: 295.87529 | J8: =B8/1000 -> 8.0137923 | K8: =E8-Setup!$B$28 -> 39.548311 | L8: =H8-Setup!$B$28 -> 34.221164 | M8: =I8-Setup!$B$28 -> 22.725287 | N8: =I8-Setup!$B$16 -> 2.875287 | O8: =(E8-Setup!$B$16)/Setup!$B$17*1000 -> 9.8491555 | P8: =(H8-Setup!$B$16)/Setup!$B$17*1000 -> 7.185582 | Q8: =B8*Setup!$B$27/Setup!$B$26 -> 1.3356323 | R8: =IF(C8="","",D8-C8) -> 0.3438634 | S8: =IF(F8="","",G8-F8) -> 0.67076
A9: Gyroid | B9: 37023.729 | C9: 35.962727 | D9: 37.023729 | E9: 307.55257 | F9: 307.3831 | G9: 307.60929 | H9: 303.09878 | I9: 295.87634 | J9: =B9/1000 -> 37.023729 | K9: =E9-Setup!$B$28 -> 34.402569 | L9: =H9-Setup!$B$28 -> 29.948784 | M9: =I9-Setup!$B$28 -> 22.72634 | N9: =I9-Setup!$B$16 -> 2.87634 | O9: =(E9-Setup!$B$16)/Setup!$B$17*1000 -> 7.2762845 | P9: =(H9-Setup!$B$16)/Setup!$B$17*1000 -> 5.049392 | Q9: =B9*Setup!$B$27/Setup!$B$26 -> 6.1706227 | R9: =IF(C9="","",D9-C9) -> 1.061002 | S9: =IF(F9="","",G9-F9) -> 0.226195
A10: Lidinoid | B10: 45113.003 | E10: 309.04708 | H10: 301.47741 | I10: 295.87911 | J10: =B10/1000 -> 45.113003 | K10: =E10-Setup!$B$28 -> 35.89708 | L10: =H10-Setup!$B$28 -> 28.327408 | M10: =I10-Setup!$B$28 -> 22.729109 | N10: =I10-Setup!$B$16 -> 2.879109 | O10: =(E10-Setup!$B$16)/Setup!$B$17*1000 -> 8.02354 | P10: =(H10-Setup!$B$16)/Setup!$B$17*1000 -> 4.238704 | Q10: =B10*Setup!$B$27/Setup!$B$26 -> 7.5188354 | R10: =IF(C10="","",D10-C10) | S10: =IF(F10="","",G10-F10)
A11: Neovius | B11: 42047.688 | E11: 309.0355 | H11: 304.01582 | I11: 295.8764 | J11: =B11/1000 -> 42.047688 | K11: =E11-Setup!$B$28 -> 35.885502 | L11: =H11-Setup!$B$28 -> 30.865818 | M11: =I11-Setup!$B$28 -> 22.726402 | N11: =I11-Setup!$B$16 -> 2.876402 | O11: =(E11-Setup!$B$16)/Setup!$B$17*1000 -> 8.017751 | P11: =(H11-Setup!$B$16)/Setup!$B$17*1000 -> 5.507909 | Q11: =B11*Setup!$B$27/Setup!$B$26 -> 7.0079495 | R11: =IF(C11="","",D11-C11) | S11: =IF(F11="","",G11-F11)
A13: Notes
A14: Thermal resistance = (T - T_in) / heater power. Pumping power = pressure drop x volume flow (mass flow / inlet density).
A15: The pin-fin flows shed vortices; the band is the uncertainty of a steady-state result. In the energy-only stage the flow is frozen, so the final pressure drop is the value at iteration 4000.
A16: Lidinoid and Neovius were simulated on meshes whose solid outer walls were not yet placed on the CAD (mean offset 24 um). On the gyroid this difference changed Tmax by 0.08 K and the pressure drop by less than 0.01 kPa. Runs on the final meshes are in progress.

Sheet Energy
A1: Energy conservation
A2: Heat values from wallHeatFlux at the end of the run. Heat to water = mass flow x cp x (outlet bulk T - T_in).
A4: Plate | B4: Heater power (W) | C4: Heat leaving the solid (W) | D4: Heat entering the fluid (W) | E4: Mass flow (kg/s) | F4: Outlet bulk T (K) | G4: Heat to the water (W) | H4: Interface heat error | I4: Overall balance | J4: Fluid balance | K4: Solid balance | L4: Energy residual, last iteration | M4: Pass
A5: Chevron | B5: 2000 | C5: 1999.9956 | D5: 1999.9956 | E5: 0.16639218 | F5: =Results!I5 -> 295.87543 | G5: =E5*Setup!$B$22*(F5-Setup!$B$16) -> 1999.9143 | H5: =(D5-C5)/C5 -> 2.5000055e-08 | I5: =G5/B5 -> 0.99995713 | J5: =G5/D5 -> 0.99995932 | K5: =C5/B5 -> 0.99999778 | L5: 1.8898752e-10 | M5: =IF(AND(ABS(I5-1)<=#REF!,ABS(H5)<=#REF!,ABS(J5-1)<=#REF!),"Pass","Fail") -> #REF!
A6: Cylinder | B6: 2000 | C6: 1999.9973 | D6: 1999.9972 | E6: 0.16639218 | F6: =Results!I6 -> 295.87543 | G6: =E6*Setup!$B$22*(F6-Setup!$B$16) -> 1999.917 | H6: =(D6-C6)/C6 -> -6.0000081e-08 | I6: =G6/B6 -> 0.99995852 | J6: =G6/D6 -> 0.99995993 | K6: =C6/B6 -> 0.99999865 | L6: 9.6294957e-11 | M6: =IF(AND(ABS(I6-1)<=#REF!,ABS(H6)<=#REF!,ABS(J6-1)<=#REF!),"Pass","Fail") -> #REF!
A7: Parallel | B7: 2000 | C7: 1999.9967 | D7: 1999.9967 | E7: 0.16639218 | F7: =Results!I7 -> 295.87534 | G7: =E7*Setup!$B$22*(F7-Setup!$B$16) -> 1999.853 | H7: =(D7-C7)/C7 -> 0 | I7: =G7/B7 -> 0.99992652 | J7: =G7/D7 -> 0.99992818 | K7: =C7/B7 -> 0.99999834 | L7: 9.9021501e-11 | M7: =IF(AND(ABS(I7-1)<=#REF!,ABS(H7)<=#REF!,ABS(J7-1)<=#REF!),"Pass","Fail") -> #REF!
A8: Square | B8: 2000 | C8: 1999.9992 | D8: 1999.9992 | E8: 0.16639218 | F8: =Results!I8 -> 295.87529 | G8: =E8*Setup!$B$22*(F8-Setup!$B$16) -> 1999.8176 | H8: =(D8-C8)/C8 -> -1.0000004e-08 | I8: =G8/B8 -> 0.99990879 | J8: =G8/D8 -> 0.99990919 | K8: =C8/B8 -> 0.99999961 | L8: 1.8830311e-10 | M8: =IF(AND(ABS(I8-1)<=#REF!,ABS(H8)<=#REF!,ABS(J8-1)<=#REF!),"Pass","Fail") -> #REF!
A9: Gyroid | B9: 2000 | C9: 1999.9966 | D9: 2000.7193 | E9: 0.16639218 | F9: =Results!I9 -> 295.87634 | G9: =E9*Setup!$B$22*(F9-Setup!$B$16) -> 2000.55 | H9: =(D9-C9)/C9 -> 0.00036136061 | I9: =G9/B9 -> 1.000275 | J9: =G9/D9 -> 0.99991534 | K9: =C9/B9 -> 0.9999983 | L9: 2.1883289e-10 | M9: =IF(AND(ABS(I9-1)<=#REF!,ABS(H9)<=#REF!,ABS(J9-1)<=#REF!),"Pass","Fail") -> #REF!
A10: Lidinoid | B10: 2000 | C10: 1999.9969 | D10: 2002.5578 | E10: 0.16639218 | F10: =Results!I10 -> 295.87911 | G10: =E10*Setup!$B$22*(F10-Setup!$B$16) -> 2002.4759 | H10: =(D10-C10)/C10 -> 0.001280457 | I10: =G10/B10 -> 1.0012379 | J10: =G10/D10 -> 0.99995909 | K10: =C10/B10 -> 0.99999843 | M10: =IF(AND(ABS(I10-1)<=#REF!,ABS(H10)<=#REF!,ABS(J10-1)<=#REF!),"Pass","Fail") -> #REF!
A11: Neovius | B11: 2000 | C11: 1999.9958 | D11: 2000.761 | E11: 0.16639218 | F11: =Results!I11 -> 295.8764 | G11: =E11*Setup!$B$22*(F11-Setup!$B$16) -> 2000.5931 | H11: =(D11-C11)/C11 -> 0.00038258581 | I11: =G11/B11 -> 1.0002965 | J11: =G11/D11 -> 0.9999161 | K11: =C11/B11 -> 0.99999789 | M11: =IF(AND(ABS(I11-1)<=#REF!,ABS(H11)<=#REF!,ABS(J11-1)<=#REF!),"Pass","Fail") -> #REF!
A13: Notes
A14: Interface heat error = (heat entering the fluid - heat leaving the solid) / heat leaving the solid; positive = heat created at the interface.
A15: On the TPMS plates the small interface error comes from the 0.5-1 % of interface faces that are not identical on both sides.
A16: Mass flow is conserved to about 1e-7 relative on the pin-fin plates. Lidinoid and Neovius: see the note on the Results sheet.

Sheet SimScale
A1: Comparison with SimScale: parallel pin-fin, heater on the whole bottom face
A2: Same geometry and boundary conditions (2000 W, 10 L/min, inlet 19.85 °C). Differences are ours minus SimScale, in K or kPa.
A4: Quantity | B4: Unit | C4: This mesher (OpenFOAM) | D4: SimScale | E4: Difference (ours - SimScale) | F4: Difference unit | G4: Note
A5: Heated area | B5: mm² | C5: 13101 | D5: 13100 | E5: =IF(OR(C5="",D5=""),"",C5-D5) -> 1 | F5: mm² | G5: Whole bottom face
A6: Outlet water temperature, area average | B6: °C | C6: 22.68 | D6: 22.77 | E6: =IF(OR(C6="",D6=""),"",C6-D6) -> -0.09 | F6: K | G6: Ours: face average 295.83 K
A7: Outlet water temperature, mass-weighted | B7: °C | C7: 22.73 | E7: =IF(OR(C7="",D7=""),"",C7-D7) | F7: K | G7: SimScale reports the area average
A8: Heater maximum temperature | B8: °C | C8: 40.56 | D8: 41.83 | E8: =IF(OR(C8="",D8=""),"",C8-D8) -> -1.27 | F8: K | G8: Ours 313.71 K; band 40.30-40.73 °C over iterations 2500-4000
A9: Heater average temperature | B9: °C | C9: 33.77 | D9: 36.65 | E9: =IF(OR(C9="",D9=""),"",C9-D9) -> -2.88 | F9: K | G9: Ours 306.92 K
A10: Heater minimum temperature | B10: °C | D10: 26.65 | E10: =IF(OR(C10="",D10=""),"",C10-D10) | F10: K | G10: Not monitored in our run
A11: Pressure drop | B11: kPa | C11: 4.91 | D11: 4.25 | E11: =IF(OR(C11="",D11=""),"",C11-D11) -> 0.66 | F11: kPa | G11: Ours: mean over iterations 2500-4000, band 4.62-5.23 kPa
A12: Inlet temperature | B12: °C | C12: =Setup!$B$16-Setup!$B$28 -> 19.85 | D12: 19.85 | E12: =IF(OR(C12="",D12=""),"",C12-D12) -> 2.1316282e-14 | F12: K | G12: Same in both
A14: Water temperature rise, area average | B14: K | C14: =C6-C12 -> 2.83 | D14: =D6-D12 -> 2.92 | E14: =C14-D14 -> -0.09 | F14: K
A15: Expected bulk rise for 2000 W (Q / (ṁ cp)) | B15: K | C15: =Setup!$B$17/(Setup!$B$27*Setup!$B$22) -> 2.8755493
A16: Our energy balance (heat to water / heater power) | B16: % | C16: 0.99987
A17: Our interface heat error | B17: % | C17: 0
A19: Settings
A20: Setting | C20: This mesher (OpenFOAM) | D20: SimScale
A21: Mesh | C21: 4.93 M fluid + 1.68 M solid cells, hexahedral, 0.3 mm | D21: Automatic mesh, 'Perfect' setting; cell count not reported
A22: Wall resolution | C22: Mean y+ 0.40 (max 4.13), viscous sublayer resolved | D22: y+ not below 1
A23: Convection scheme (velocity, energy) | C23: Second order | D23: First order
A24: Iterations | C24: 4000 coupled + 1000 energy only | D24: 1000
A26: Notes
A27: SimScale also reports channel velocities at x = 0: 0.80-0.83 m/s near the side walls and 0.29-0.36 m/s in the middle (not monitored in our run).
A28: Our higher pressure drop and cooler heater are the direction expected from a boundary layer resolved to y+ 0.4 with a second-order scheme. Which is closer to a real plate would need a measurement.

Sheet Cost
A1: Computational cost
A2: Meshing on one GPU node; solver on 96 MPI processes (OpenFOAM v2312, RWTH CLAIX).
A4: Plate | B4: Total cells (with wall layers) | C4: Meshing time (min) | D4: Solver wall time, 5000 iterations (h) | E4: MPI processes | F4: Solver core-hours | G4: Solver time per iteration (s) | H4: STL to result (h)
A5: Chevron | B5: ='Mesh size'!L5 -> 6248162 | C5: ='Meshing time'!L5 -> 8.1915 | D5: 0.998 | E5: 96 | F5: =D5*E5 -> 95.808 | G5: =D5*3600/5000 -> 0.71856 | H5: =C5/60+D5 -> 1.134525
A6: Cylinder | B6: ='Mesh size'!L6 -> 6597014 | C6: ='Meshing time'!L6 -> 10.1255 | D6: 0.977 | E6: 96 | F6: =D6*E6 -> 93.792 | G6: =D6*3600/5000 -> 0.70344 | H6: =C6/60+D6 -> 1.1457583
A7: Parallel | B7: ='Mesh size'!L7 -> 6611522 | C7: ='Meshing time'!L7 -> 6.1605 | D7: 0.982 | E7: 96 | F7: =D7*E7 -> 94.272 | G7: =D7*3600/5000 -> 0.70704 | H7: =C7/60+D7 -> 1.084675
A8: Square | B8: ='Mesh size'!L8 -> 6144592 | C8: ='Meshing time'!L8 -> 6.3608333 | D8: 0.963 | E8: 96 | F8: =D8*E8 -> 92.448 | G8: =D8*3600/5000 -> 0.69336 | H8: =C8/60+D8 -> 1.0690139
A9: Gyroid | B9: ='Mesh size'!L9 -> 16444003 | C9: ='Meshing time'!L9 -> 33.070333 | D9: 3.333 | E9: 96 | F9: =D9*E9 -> 319.968 | G9: =D9*3600/5000 -> 2.39976 | H9: =C9/60+D9 -> 3.8841722
A10: Lidinoid | B10: ='Mesh size'!L10 -> 18545147 | C10: ='Meshing time'!L10 -> 110.9275 | D10: 3.087 | E10: 96 | F10: =D10*E10 -> 296.352 | G10: =D10*3600/5000 -> 2.22264 | H10: =C10/60+D10 -> 4.9357917
A11: Neovius | B11: ='Mesh size'!L11 -> 16489195 | C11: ='Meshing time'!L11 -> 33.7425 | D11: 2.677 | E11: 96 | F11: =D11*E11 -> 256.992 | G11: =D11*3600/5000 -> 1.92744 | H11: =C11/60+D11 -> 3.239375
A13: Notes
A14: Pin-fin and gyroid solver times include one restart from a saved state.
A15: Meshing node: 4 CPU cores, 1 GPU, 64 GB memory.
